source,destination,category,duplicate_of,sha256
samples/messy_downloads/IMG_20260915_101233 - Copy.jpg,output/file_organizer/dry_run_preview/_duplicates/IMG_20260915_101233 - Copy.jpg,duplicate,IMG_20260915_101233.jpg,25d3eb88ab443d0dd9cf35c94064a8304e75ee02cd9f9f063fb5d0c0e8331ff4
samples/messy_downloads/IMG_20260915_101233.jpg,output/file_organizer/dry_run_preview/images/2026-09/IMG_20260915_101233.jpg,images,,25d3eb88ab443d0dd9cf35c94064a8304e75ee02cd9f9f063fb5d0c0e8331ff4
samples/messy_downloads/Invoice_ACME_2026-09-14 (1).pdf,output/file_organizer/dry_run_preview/_duplicates/Invoice_ACME_2026-09-14 (1).pdf,duplicate,Invoice_ACME_2026-09-14.pdf,7da9b05ff7d1829ed3ba83073b0b96235df506f9decb618e1db9c8cb2430794c
samples/messy_downloads/Invoice_ACME_2026-09-14.pdf,output/file_organizer/dry_run_preview/invoices/2026-09/Invoice_ACME_2026-09-14.pdf,invoices,,7da9b05ff7d1829ed3ba83073b0b96235df506f9decb618e1db9c8cb2430794c
samples/messy_downloads/Q3_budget_2026-09-01.xlsx,output/file_organizer/dry_run_preview/spreadsheets/2026-09/Q3_budget_2026-09-01.xlsx,spreadsheets,,05ec59e61a4d2832ca058aa61b0f6af5da9d220f2adaa447266720e4ea6bfda0
samples/messy_downloads/Screenshot 2026-09-30 at 11.02.png,output/file_organizer/dry_run_preview/images/2026-09/Screenshot 2026-09-30 at 11.02.png,images,,95d819255bd96b847524f0ddb554ad416fda78c1a2f35614dd3c96cb532081f2
samples/messy_downloads/archive_2026-07-10.zip,output/file_organizer/dry_run_preview/archives/2026-07/archive_2026-07-10.zip,archives,,6992d3a3bc57b2b8bcf8ff0c004c78c3632c74043f9afc04537d985b714e9edd
samples/messy_downloads/company_logo.png,output/file_organizer/dry_run_preview/images/2026-09/company_logo.png,images,,4413481d2d574a84eab85dc3bb4eb1ba5794b90a5d93c658e6b86e7a486e8b61
samples/messy_downloads/contacts_export_2026-08-28.csv,output/file_organizer/dry_run_preview/spreadsheets/2026-08/contacts_export_2026-08-28.csv,spreadsheets,,8efe2e51d53b58016bcb701b2f8a64276aa30e4009266d01bc528bf83008b096
samples/messy_downloads/factura_0042_20260902.pdf,output/file_organizer/dry_run_preview/invoices/2026-09/factura_0042_20260902.pdf,invoices,,728183a8149b9d5b8572bd47dc2eac8f50fb64357ce19cf747ffdb8d22c7a5e5
samples/messy_downloads/meeting_notes_2026-09-22.docx,output/file_organizer/dry_run_preview/docs/2026-09/meeting_notes_2026-09-22.docx,docs,,f3bc552eff93a988162ef5c49e6fb194fe5409447436320aee4a9fe03dd6f0e5
samples/messy_downloads/mystery_file.xyz,output/file_organizer/dry_run_preview/other/2026-09/mystery_file.xyz,other,,c2e8be2bb48ad0d6ec591749e765c2ec94fa8186daf3b449bb4e50659906d85f
samples/messy_downloads/project_brief.pdf,output/file_organizer/dry_run_preview/docs/2026-09/project_brief.pdf,docs,,607fd4427b4adbb2e31c1e9102581f6a4331f2b80acf6bbf969196deb73c564a
samples/messy_downloads/receipt-taxi-2026_09_21.pdf,output/file_organizer/dry_run_preview/invoices/2026-09/receipt-taxi-2026_09_21.pdf,invoices,,7bf91e424b3edd378f83cfbc3af9b986a30bcd5fb42e173747504a6a0137f19e
samples/messy_downloads/setup_notes.txt,output/file_organizer/dry_run_preview/docs/2026-09/setup_notes.txt,docs,,96d2c7df18551d9b87ade6721f16f00060e43e9bedfeeb8895f3cdbf0115a03d
samples/messy_downloads/voice_memo_20260918.m4a,output/file_organizer/dry_run_preview/media/2026-09/voice_memo_20260918.m4a,media,,c0a521147a0bc849523859e06cccb63b837788fb8c8a86e7504ecf4a6105e36b
