date,employee,category,vendor,description,amount,currency,receipt_id
2026-08-29,Laura Gómez,Meals,Deli 24,Lunch,12.00,USD,R-1040
2026-09-01,Laura Gómez,Software,Canva Pro,Monthly subscription,14.99,USD,R-1029
2026-09-01,Peter Novak,Software,Zoom,Monthly subscription,15.99,USD,R-1030
2026-09-02,Peter Novak,Office Supplies,Staples,Printer paper and pens,51.23,USD,R-1025
2026-09-03,Laura Gómez,Transport,Metro card,Ride to client office,11.47,USD,R-1017
2026-09-04,Laura Gómez,Meals,Green Bowl Café,Lunch with client,8.94,USD,R-1001
2026-09-04,Martín Sosa,Meals,Deli 24,Lunch with client,13.05,USD,R-1002
2026-09-07,Laura Gómez,Meals,Green Bowl Café,Lunch with client,13.61,USD,R-1003
2026-09-09,Peter Novak,Meals,La Parrilla,Lunch with client,10.20,USD,R-1004
2026-09-10,Martín Sosa,Transport,City Taxi,Airport transfer,24000.00,ARS,R-1036
2026-09-11,Peter Novak,Transport,Metro card,Ride to client office,13.78,USD,R-1024
2026-09-14,Martín Sosa,Meals,Sushi Go,Lunch with client,16.09,USD,R-1005
2026-09-14,Peter Novak,Meals,Green Bowl Café,Lunch with client,15.59,USD,R-1006
2026-09-14,Laura Gómez,Transport,Uber,Ride to client office,26.80,USD,R-1018
2026-09-15,Aisha Bello,Meals,Deli 24,Lunch with client,14.98,USD,R-1007
2026-09-16,Laura Gómez,Meals,Sushi Go,Lunch with client,10.78,USD,R-1008
2026-09-16,Peter Novak,Transport,City Taxi,Ride to client office,14.53,USD,R-1020
2026-09-16,Peter Novak,Meals,La Parrilla,Team dinner,21.40,USD,R-1031
2026-09-16,Peter Novak,Meals,Deli 24,Coffee and snacks,9.80,USD,R-1032
2026-09-17,Laura Gómez,Transport,Metro card,Ride to client office,13.04,USD,R-1015
2026-09-17,Aisha Bello,Transport,City Taxi,Ride to client office,21.26,USD,R-1019
2026-09-17,Aisha Bello,Office Supplies,Staples,Printer paper and pens,24.49,USD,R-1026
2026-09-17,Martín Sosa,Office Supplies,Staples,Printer paper and pens,26.92,USD,R-1028
2026-09-18,Laura Gómez,Meals,Deli 24,Lunch with client,17.57,USD,R-1009
2026-09-18,Peter Novak,Meals,Sushi Go,Lunch with client,9.02,USD,R-1010
2026-09-18,Laura Gómez,Office Supplies,OfficeMax,Ink cartridges,42.30,USD,R-1037
2026-09-18,Laura Gómez,Office Supplies,OfficeMax,Ink cartridges,42.30,USD,R-1038
2026-09-21,Laura Gómez,Meals,La Parrilla,Lunch with client,8.97,USD,R-1011
2026-09-22,Martín Sosa,Meals,Sushi Go,Lunch with client,14.04,USD,R-1012
2026-09-22,Aisha Bello,Travel,Delta,Flight to Miami trade show,612.00,USD,R-1033
2026-09-23,Aisha Bello,Lodging,Hotel Plaza,"Trade show hotel, 2 nights",368.00,USD,R-1034
2026-09-23,Aisha Bello,Meals,Sushi Go,"Dinner, trade show",31.00,USD,
2026-09-24,Laura Gómez,Meals,Green Bowl Café,Lunch with client,15.30,USD,R-1013
2026-09-24,Peter Novak,Transport,Uber,Ride to client office,17.09,USD,R-1023
2026-09-25,Aisha Bello,Office Supplies,Staples,Printer paper and pens,44.49,USD,R-1027
2026-09-25,Martín Sosa,Software,Notion,Team plan,18.00,EUR,R-1039
2026-09-29,Martín Sosa,Meals,Green Bowl Café,Lunch with client,17.73,USD,R-1014
2026-09-29,Aisha Bello,Transport,Metro card,Ride to client office,10.61,USD,R-1016
2026-09-29,Laura Gómez,Transport,Metro card,Ride to client office,21.24,USD,R-1022
2026-09-30,Aisha Bello,Transport,Metro card,Ride to client office,28.48,USD,R-1021
2026-10-01,Peter Novak,Transport,Uber,Ride to client,11.50,USD,R-1041
